Noise Level (%),VQE_Noisy_Mean,VQE_Noisy_Std,Fidelity_Noisy_Mean,Fidelity_Noisy_Std,Both_Noisy_Mean,Both_Noisy_Std
0,3399.94442035564,5334.18987356593,3399.94442035564,5334.18987356593,3399.94442035564,5334.18987356593
0.01,2099.33174358227,1850.96911110014,149306.00486221200,281261.28185941200,150288.66932396800,300855.01333221300
0.1,2049.59528276810,1174.32594791373,25646.70231705710,3512.25419717699,26313.31878175980,2785.91750618034
1,1665.82884016593,976.51917597543,31430.10726038450,2960.55155510999,31261.25877254410,2743.06589936389
10,43198.65937290420,41522.84097020730,32887.89361565240,2655.21570741991,32890.69945986830,2663.12268768932
