Noise Level (%),VQE_Noisy_Mean,VQE_Noisy_Std,Fidelity_Noisy_Mean,Fidelity_Noisy_Std,Both_Noisy_Mean,Both_Noisy_Std
0,3399.9444203556423,5334.189873565939,3399.9444203556423,5334.189873565939,3399.9444203556423,5334.189873565939
0.01,2099.331743582273,1850.9691111001437,149306.0048622129,281261.2818594124,150288.66932396826,300855.01333221357
0.1,2049.595282768102,1174.3259479137303,25646.7023170571,3512.2541971769933,26313.318781759863,2785.9175061803408
1,1665.828840165935,976.5191759754312,31430.10726038453,2960.5515551099948,31261.258772544126,2743.065899363895
10,43198.659372904236,41522.84097020737,32887.89361565249,2655.2157074199113,32890.69945986833,2663.122687689323
